ebitda_factor,multiple,price
0.8,2,-0.20980250284652774
0.8,3,2.4708778507325824
0.8,4,5.1515582043116925
0.8,5,7.832238557890801
0.8,6,10.512918911469912
0.9,2,0.46036758554825
0.9,3,3.4761329833247485
0.9,4,6.491898381101247
0.9,5,9.507663778877745
0.9,6,12.523429176654245
1.0,2,1.130537673943027
1.0,3,4.481388115916914
1.0,4,7.832238557890801
1.0,5,11.183088999864689
1.0,6,14.533939441838577
1.1,2,1.8007077623378047
1.1,3,5.486643248509082
1.1,4,9.172578734680357
1.1,5,12.858514220851633
1.1,6,16.54444970702291
1.2,2,2.470877850732581
1.2,3,6.4918983811012465
1.2,4,10.51291891146991
1.2,5,14.533939441838573
1.2,6,18.55495997220724
